Prediction,Actual
Undrafted,Undrafted
Undrafted,Undrafted
Undrafted,Undrafted
Undrafted,Undrafted
Undrafted,Undrafted
Drafted,Drafted
Undrafted,Undrafted
Undrafted,Undrafted
Drafted,Undrafted
Undrafted,Undrafted
Undrafted,Undrafted
Undrafted,Undrafted
Undrafted,Drafted
Undrafted,Undrafted
Undrafted,Drafted
Undrafted,Undrafted
Undrafted,Undrafted
Undrafted,Drafted
Undrafted,Drafted
Undrafted,Undrafted
Undrafted,Undrafted
Undrafted,Undrafted
Undrafted,Drafted
Undrafted,Undrafted
Undrafted,Undrafted
Undrafted,Undrafted
Undrafted,Undrafted
Undrafted,Undrafted
Undrafted,Undrafted
Undrafted,Undrafted
Undrafted,Drafted
Undrafted,Undrafted
Undrafted,Undrafted
Undrafted,Drafted
Undrafted,Drafted
Undrafted,Undrafted
Undrafted,Undrafted
Undrafted,Undrafted
Undrafted,Drafted
Drafted,Undrafted
Undrafted,Undrafted
Undrafted,Undrafted
Undrafted,Undrafted
Undrafted,Undrafted
Undrafted,Drafted
Undrafted,Undrafted
Undrafted,Drafted
Drafted,Undrafted
Undrafted,Undrafted
Undrafted,Undrafted
Undrafted,Undrafted
Undrafted,Undrafted
Undrafted,Undrafted
Undrafted,Undrafted
Undrafted,Undrafted
Undrafted,Undrafted
Drafted,Undrafted
Undrafted,Undrafted
Undrafted,Drafted
Undrafted,Undrafted
Undrafted,Undrafted
Undrafted,Drafted
Undrafted,Undrafted
Undrafted,Undrafted
Undrafted,Undrafted
Undrafted,Undrafted
Undrafted,Undrafted
Undrafted,Undrafted
Undrafted,Drafted
Undrafted,Undrafted
Undrafted,Undrafted
Undrafted,Undrafted
Undrafted,Undrafted
Undrafted,Undrafted
Undrafted,Undrafted
Undrafted,Undrafted
Undrafted,Drafted
Undrafted,Undrafted
Undrafted,Undrafted
Undrafted,Undrafted
Undrafted,Undrafted
Undrafted,Undrafted
Drafted,Undrafted
Undrafted,Undrafted
Undrafted,Undrafted
Undrafted,Undrafted
Undrafted,Undrafted
Drafted,Undrafted
Undrafted,Undrafted
Undrafted,Undrafted
Drafted,Drafted
Drafted,Drafted
Drafted,Drafted
Undrafted,Undrafted
Undrafted,Undrafted
Undrafted,Undrafted
Undrafted,Undrafted
Undrafted,Undrafted
Undrafted,Undrafted
Drafted,Undrafted
Undrafted,Undrafted
Undrafted,Undrafted
Undrafted,Undrafted
Undrafted,Undrafted
Undrafted,Undrafted
Undrafted,Undrafted
Undrafted,Drafted
Undrafted,Undrafted
Undrafted,Undrafted
Undrafted,Undrafted
Undrafted,Undrafted
Drafted,Undrafted
Undrafted,Undrafted
Undrafted,Undrafted
Undrafted,Undrafted
Undrafted,Undrafted
Undrafted,Undrafted
Undrafted,Undrafted
Drafted,Drafted
Undrafted,Undrafted
Undrafted,Undrafted
Drafted,Undrafted
Undrafted,Undrafted
Undrafted,Drafted
Undrafted,Drafted
Undrafted,Drafted
Undrafted,Undrafted
Undrafted,Undrafted
Undrafted,Undrafted
Undrafted,Undrafted
Undrafted,Undrafted
Undrafted,Undrafted
Drafted,Drafted
Undrafted,Undrafted
Undrafted,Undrafted
Undrafted,Undrafted
Undrafted,Undrafted
Undrafted,Drafted
Drafted,Drafted
Undrafted,Undrafted
Drafted,Drafted
Undrafted,Drafted
Undrafted,Undrafted
Drafted,Undrafted
Undrafted,Drafted
Undrafted,Undrafted
Undrafted,Undrafted
Undrafted,Undrafted
Undrafted,Undrafted
Undrafted,Drafted
Undrafted,Drafted
Undrafted,Undrafted
Undrafted,Undrafted
Undrafted,Drafted
Undrafted,Undrafted
Drafted,Drafted
Undrafted,Drafted
Undrafted,Drafted
Undrafted,Undrafted
Undrafted,Undrafted
Undrafted,Undrafted
Undrafted,Undrafted
Undrafted,Drafted
Undrafted,Undrafted
Undrafted,Undrafted
Undrafted,Undrafted
Undrafted,Undrafted
Undrafted,Undrafted
Undrafted,Undrafted
Undrafted,Undrafted
Undrafted,Undrafted
Undrafted,Undrafted
Undrafted,Undrafted
Undrafted,Undrafted
Undrafted,Undrafted
Undrafted,Undrafted
Undrafted,Undrafted
Undrafted,Drafted
Undrafted,Undrafted
Drafted,Drafted
Drafted,Drafted
Undrafted,Undrafted
Undrafted,Drafted
Undrafted,Undrafted
Undrafted,Undrafted
Undrafted,Drafted
Undrafted,Undrafted
Undrafted,Undrafted
Undrafted,Undrafted
Undrafted,Undrafted
Undrafted,Drafted
Drafted,Undrafted
Undrafted,Undrafted
Undrafted,Undrafted
Undrafted,Undrafted
Undrafted,Undrafted
Undrafted,Undrafted
Undrafted,Undrafted
Undrafted,Undrafted
Undrafted,Undrafted
Undrafted,Undrafted
Undrafted,Undrafted
Undrafted,Undrafted
Undrafted,Undrafted
Undrafted,Drafted
Drafted,Drafted
Undrafted,Undrafted
Undrafted,Undrafted
Undrafted,Undrafted
Undrafted,Drafted
Undrafted,Undrafted
Undrafted,Undrafted
Drafted,Drafted
Undrafted,Undrafted
Undrafted,Drafted
Undrafted,Undrafted
Undrafted,Undrafted
Undrafted,Undrafted
Undrafted,Undrafted
Undrafted,Undrafted
Undrafted,Undrafted
Undrafted,Drafted
Undrafted,Undrafted
Undrafted,Undrafted
Undrafted,Undrafted
Undrafted,Drafted
Undrafted,Undrafted
Undrafted,Undrafted
Undrafted,Drafted
Undrafted,Undrafted
Undrafted,Undrafted
Undrafted,Drafted
Undrafted,Drafted
Undrafted,Undrafted
Undrafted,Undrafted
Undrafted,Undrafted
Undrafted,Undrafted
Undrafted,Undrafted
Undrafted,Undrafted
Undrafted,Undrafted
Drafted,Drafted
Undrafted,Undrafted
Drafted,Undrafted
Undrafted,Drafted
Undrafted,Drafted
Undrafted,Undrafted
Undrafted,Undrafted
Undrafted,Undrafted
Undrafted,Undrafted
Drafted,Drafted
Drafted,Undrafted
Undrafted,Undrafted
Undrafted,Undrafted
Undrafted,Undrafted
Undrafted,Undrafted
Undrafted,Undrafted
Undrafted,Undrafted
Undrafted,Drafted
Undrafted,Undrafted
Undrafted,Undrafted
Undrafted,Undrafted
Undrafted,Undrafted
Undrafted,Undrafted
Undrafted,Undrafted
Undrafted,Undrafted
Undrafted,Undrafted
Undrafted,Undrafted
Undrafted,Undrafted
Undrafted,Undrafted
Undrafted,Undrafted
Undrafted,Undrafted
Undrafted,Undrafted
Drafted,Drafted
Undrafted,Drafted
Undrafted,Undrafted
Undrafted,Undrafted
Drafted,Undrafted
Undrafted,Undrafted
Undrafted,Undrafted
Undrafted,Undrafted
Undrafted,Undrafted
Undrafted,Undrafted
Undrafted,Undrafted
Drafted,Undrafted
Undrafted,Undrafted
Undrafted,Undrafted
Undrafted,Undrafted
Undrafted,Undrafted
Undrafted,Undrafted
Undrafted,Undrafted
Undrafted,Undrafted
Drafted,Drafted
Undrafted,Undrafted
Undrafted,Undrafted
Undrafted,Undrafted
Drafted,Drafted
Undrafted,Undrafted
Drafted,Drafted
Undrafted,Undrafted
Undrafted,Undrafted
Undrafted,Undrafted
Undrafted,Undrafted
Undrafted,Undrafted
Undrafted,Drafted
Undrafted,Undrafted
Undrafted,Undrafted
Undrafted,Undrafted
Undrafted,Undrafted
Undrafted,Undrafted
Undrafted,Drafted
Undrafted,Undrafted
Undrafted,Drafted
Undrafted,Undrafted
Undrafted,Undrafted
Undrafted,Undrafted
Undrafted,Drafted
Undrafted,Undrafted
Undrafted,Undrafted
Undrafted,Undrafted
Undrafted,Undrafted
Undrafted,Undrafted
Undrafted,Drafted
Undrafted,Undrafted
Undrafted,Undrafted
Undrafted,Undrafted
Undrafted,Drafted
Drafted,Drafted
Undrafted,Undrafted
Undrafted,Drafted
Undrafted,Undrafted
Undrafted,Undrafted
Undrafted,Drafted
Drafted,Undrafted
Undrafted,Undrafted
Undrafted,Undrafted
Undrafted,Drafted
Drafted,Undrafted
Undrafted,Undrafted
Undrafted,Drafted
Undrafted,Drafted
Undrafted,Undrafted
Undrafted,Undrafted
Undrafted,Undrafted
Undrafted,Undrafted
Drafted,Undrafted
Undrafted,Undrafted
Undrafted,Undrafted
Undrafted,Undrafted
Undrafted,Undrafted
Undrafted,Drafted
Undrafted,Undrafted
Undrafted,Undrafted
Undrafted,Drafted
Undrafted,Undrafted
Undrafted,Drafted
Undrafted,Undrafted
Undrafted,Undrafted
Undrafted,Undrafted
Undrafted,Drafted
Drafted,Drafted
Undrafted,Drafted
Undrafted,Undrafted
Undrafted,Undrafted
Undrafted,Undrafted
Undrafted,Undrafted
Undrafted,Undrafted
Undrafted,Drafted
Undrafted,Drafted
Undrafted,Undrafted
Undrafted,Undrafted
Undrafted,Undrafted
Undrafted,Drafted
Undrafted,Undrafted
Undrafted,Drafted
Undrafted,Undrafted
Undrafted,Drafted
Undrafted,Undrafted
Drafted,Undrafted
Undrafted,Undrafted
Undrafted,Undrafted
Undrafted,Undrafted
Undrafted,Undrafted
Undrafted,Drafted
Undrafted,Drafted
Undrafted,Drafted
Undrafted,Undrafted
Undrafted,Drafted
Undrafted,Drafted
Undrafted,Drafted
Undrafted,Undrafted
Undrafted,Drafted
Undrafted,Drafted
Undrafted,Drafted
Undrafted,Undrafted
Undrafted,Undrafted
Undrafted,Undrafted
Drafted,Drafted
Drafted,Undrafted
Undrafted,Drafted
Undrafted,Undrafted
Undrafted,Undrafted
Undrafted,Drafted
Drafted,Drafted
Undrafted,Drafted
Drafted,Undrafted
Undrafted,Undrafted
Undrafted,Drafted
Drafted,Drafted
Undrafted,Undrafted
Undrafted,Undrafted
Undrafted,Undrafted
Undrafted,Undrafted
Undrafted,Undrafted
Undrafted,Undrafted
Drafted,Undrafted
Undrafted,Undrafted
Undrafted,Undrafted
Undrafted,Undrafted
Undrafted,Undrafted
Undrafted,Undrafted
Undrafted,Undrafted
Undrafted,Undrafted
Undrafted,Undrafted
Undrafted,Undrafted
Undrafted,Undrafted
Drafted,Undrafted
Undrafted,Drafted
Undrafted,Drafted
Undrafted,Undrafted
Undrafted,Drafted
Undrafted,Undrafted
Undrafted,Undrafted
Undrafted,Undrafted
Undrafted,Drafted
Undrafted,Undrafted
Drafted,Undrafted
Undrafted,Drafted
Undrafted,Undrafted
Undrafted,Undrafted
Undrafted,Undrafted
Undrafted,Undrafted
Undrafted,Undrafted
Undrafted,Undrafted
Undrafted,Undrafted
Undrafted,Undrafted
Undrafted,Undrafted
Undrafted,Undrafted
Undrafted,Drafted
Undrafted,Undrafted
Undrafted,Undrafted
Undrafted,Undrafted
Undrafted,Undrafted
Undrafted,Undrafted
Undrafted,Undrafted
Undrafted,Undrafted
Undrafted,Undrafted
Undrafted,Undrafted
Undrafted,Undrafted
Undrafted,Drafted
Drafted,Drafted
Undrafted,Undrafted
Undrafted,Undrafted
Undrafted,Undrafted
Undrafted,Undrafted
Undrafted,Undrafted
Undrafted,Undrafted
Undrafted,Undrafted
Undrafted,Undrafted
Undrafted,Undrafted
Undrafted,Drafted
Undrafted,Undrafted
Undrafted,Undrafted
Undrafted,Undrafted
Undrafted,Undrafted
Undrafted,Undrafted
Undrafted,Undrafted
Undrafted,Undrafted
Undrafted,Undrafted
Undrafted,Drafted
Undrafted,Undrafted
Drafted,Drafted
Undrafted,Undrafted
Undrafted,Undrafted
Undrafted,Undrafted
Undrafted,Undrafted
Undrafted,Undrafted
Undrafted,Undrafted
Undrafted,Undrafted
Undrafted,Undrafted
Undrafted,Undrafted
Undrafted,Undrafted
Undrafted,Undrafted
Undrafted,Undrafted
Undrafted,Undrafted
Undrafted,Undrafted
Undrafted,Undrafted
Undrafted,Drafted
Undrafted,Undrafted
Undrafted,Undrafted
Undrafted,Undrafted
Undrafted,Undrafted
Undrafted,Undrafted
Undrafted,Undrafted
Undrafted,Drafted
Undrafted,Undrafted
Undrafted,Undrafted
Undrafted,Undrafted
Undrafted,Undrafted
Undrafted,Undrafted
Undrafted,Undrafted
Undrafted,Drafted
Undrafted,Undrafted
Undrafted,Undrafted
Undrafted,Undrafted
Undrafted,Drafted
Undrafted,Drafted
Undrafted,Drafted
Undrafted,Undrafted
Undrafted,Undrafted
Undrafted,Drafted
Undrafted,Undrafted
Undrafted,Undrafted
Undrafted,Undrafted
Drafted,Drafted
Undrafted,Drafted
Undrafted,Undrafted
Undrafted,Drafted
Undrafted,Undrafted
Undrafted,Undrafted
Undrafted,Undrafted
Undrafted,Undrafted
Drafted,Drafted
Drafted,Drafted
Undrafted,Undrafted
Undrafted,Undrafted
Undrafted,Undrafted
Drafted,Drafted
Undrafted,Drafted
Drafted,Drafted
Undrafted,Undrafted
Undrafted,Drafted
Undrafted,Undrafted
Undrafted,Undrafted
Undrafted,Undrafted
Undrafted,Undrafted
Undrafted,Undrafted
Undrafted,Undrafted
Drafted,Undrafted
Undrafted,Undrafted
Undrafted,Undrafted
Undrafted,Undrafted
Undrafted,Undrafted
Undrafted,Undrafted
Undrafted,Undrafted
Undrafted,Undrafted
Undrafted,Undrafted
Drafted,Undrafted
Undrafted,Undrafted
Undrafted,Undrafted
Undrafted,Undrafted
Undrafted,Undrafted
Undrafted,Undrafted
Undrafted,Undrafted
Undrafted,Undrafted
Undrafted,Drafted
Undrafted,Undrafted
Drafted,Drafted
Undrafted,Undrafted
Undrafted,Undrafted
Undrafted,Undrafted
Undrafted,Undrafted
Undrafted,Undrafted
Undrafted,Drafted
Undrafted,Undrafted
Undrafted,Undrafted
Undrafted,Undrafted
Undrafted,Undrafted
Undrafted,Undrafted
Undrafted,Undrafted
Undrafted,Undrafted
Undrafted,Undrafted
Undrafted,Undrafted
Undrafted,Undrafted
Undrafted,Undrafted
Undrafted,Undrafted
Undrafted,Undrafted
Undrafted,Undrafted
Undrafted,Drafted
Undrafted,Undrafted
Undrafted,Drafted
Undrafted,Undrafted
Undrafted,Undrafted
Drafted,Undrafted
Undrafted,Undrafted
Undrafted,Undrafted
Drafted,Undrafted
Drafted,Drafted
Undrafted,Undrafted
Drafted,Drafted
Undrafted,Undrafted
Undrafted,Undrafted
Undrafted,Undrafted
Undrafted,Undrafted
Undrafted,Drafted
Undrafted,Drafted
Undrafted,Undrafted
Undrafted,Undrafted
Undrafted,Undrafted
Undrafted,Drafted
Undrafted,Drafted
Undrafted,Undrafted
Undrafted,Undrafted
Undrafted,Undrafted
Undrafted,Undrafted
Undrafted,Undrafted
Undrafted,Undrafted
Drafted,Undrafted
Undrafted,Undrafted
Undrafted,Undrafted
Undrafted,Undrafted
Undrafted,Undrafted
Drafted,Drafted
Drafted,Undrafted
Undrafted,Drafted
Undrafted,Undrafted
Undrafted,Drafted
Undrafted,Drafted
Undrafted,Undrafted
Undrafted,Drafted
Undrafted,Undrafted
Undrafted,Undrafted
Undrafted,Undrafted
Undrafted,Drafted
Undrafted,Undrafted
Undrafted,Undrafted
Undrafted,Undrafted
Undrafted,Undrafted
Undrafted,Undrafted
Undrafted,Drafted
Undrafted,Undrafted
Drafted,Drafted
Undrafted,Undrafted
Undrafted,Undrafted
Undrafted,Undrafted
Undrafted,Undrafted
Undrafted,Undrafted
Undrafted,Undrafted
Undrafted,Drafted
Undrafted,Undrafted
Undrafted,Undrafted
Undrafted,Undrafted
Undrafted,Undrafted
